CustomerID,FirstName,LastName,Email,Phone
1,Cory,Harris,orobles@example.com,001-886-907-5047x999
2,Melissa,Bailey,matthewwilliams@example.com,001-245-417-9060x726
3,Christopher,Perez,jonathan15@example.net,001-771-346-7443x7513
4,Adam,Terry,angelawright@example.org,(821)295-2348x2599
5,Nicholas,Salas,philiplawson@example.com,+1-827-909-9319x2100
6,Richard,Little,aimeehorton@example.com,001-266-471-7660x74726
7,Robert,Parsons,ogutierrez@example.net,543-368-3689x739
8,Richard,Barber,adamsrebecca@example.org,(460)393-1810x15505
9,Claudia,Zimmerman,joshua87@example.net,639.570.4286x905
10,Hannah,Mack,alicia32@example.net,001-412-824-0507x247
11,Lori,Stewart,xthompson@example.org,(755)556-7085x8616
12,Sandra,Jackson,jessica92@example.org,795.790.2543x257
13,Frederick,Morales,barronerika@example.net,+1-559-842-9835x47147
14,Emily,Green,samanthamills@example.net,+1-791-970-9862
15,Anthony,Davis,donaldhenry@example.com,+1-200-975-3194x980
16,Jamie,Durham,petersenkevin@example.net,001-729-758-5159x901
17,Hector,Sweeney,victoriakim@example.com,412-941-5234x0109
18,Matthew,Watkins,ywhite@example.com,+1-798-825-6694
19,Chad,Ortega,danielle94@example.net,(292)428-3286
20,Linda,Moreno,bruceguzman@example.com,(380)472-2910x6641
21,Eileen,Brown,seanandrews@example.com,(512)534-7290
22,Sarah,Goodwin,richardsmith@example.org,907-238-6689x26469
23,William,Davis,kimberlyallen@example.net,001-445-752-0372x82234
24,Paula,Hampton,murphymitchell@example.org,3749731672
25,Rebekah,Walls,regina42@example.com,(250)613-2919
26,Kevin,Ewing,robinsonchristy@example.org,798.826.6353x603
27,Michele,Rice,nwoods@example.org,+1-930-638-4080x4669
28,Daniel,Williams,brownjohn@example.org,963.888.9933
29,Carolyn,Fields,vcooper@example.com,001-942-774-6702x98474
30,Gabriel,Pratt,lwhite@example.net,565.652.5630
31,Michelle,Thompson,kimberly85@example.org,710-965-3724
32,Victoria,Sawyer,goodjulian@example.net,337.694.0821x44638
33,Dylan,Cook,ernest51@example.org,(278)655-6176
34,Sarah,Bennett,jonesmarcus@example.org,904-303-6632
35,Justin,Velazquez,rollinseric@example.com,001-502-753-9109x29610
36,Jose,Serrano,vwilliams@example.net,001-404-584-7639
37,Darius,Dean,kathleenryan@example.org,459.334.4372
38,Kim,Oliver,raymond62@example.com,632.491.9038
39,Andrew,Rice,jreed@example.org,949.747.6202
40,John,Lane,jennifernunez@example.com,654.851.3525
41,Ashley,Maldonado,ogarcia@example.net,899.698.7373x18711
42,Jessica,Sanchez,toniramirez@example.com,311-349-0876x00444
43,Debra,Clements,xrussell@example.org,245.553.1704x9519
44,Heather,Hill,wadekatie@example.com,+1-276-664-5492
45,Jesse,Williams,tfox@example.org,(971)810-9621
46,Elizabeth,Franklin,dianagreen@example.net,(393)346-2398
47,Mark,Mccoy,kristinpotter@example.org,6986735580
48,Angela,Johnson,ucochran@example.net,434-459-0175
49,Todd,Reynolds,dgonzalez@example.net,001-863-489-4947x6844
50,Melinda,Madden,scottjoshua@example.net,001-702-807-6784
51,Anthony,Cordova,hjames@example.org,490-861-4870x7566
52,Michael,Ford,oluna@example.net,(817)507-0319
53,Scott,Mitchell,dominiquemiller@example.org,866.708.4235x7515
54,Michael,Turner,smithstephanie@example.net,(981)627-9524x9101
55,Roger,Jacobs,sandragutierrez@example.org,(549)765-5704
56,Jeffrey,Austin,heathergarcia@example.com,946.646.9739x05746
57,Nicole,Watts,amarshall@example.org,852.582.9389x095
58,Devon,Cohen,sanderspatrick@example.org,816-414-7822x0012
59,Wanda,Snow,shawn21@example.org,001-890-483-7558x1355
60,Becky,Clark,smithbrittany@example.net,675-291-0428x96123
61,Jeremy,Blair,brian75@example.com,722.755.5302
62,Jeremy,Clark,michael68@example.net,665.217.7456
63,Patrick,Delgado,lowetyler@example.com,3518834773
64,Karen,Mills,suzannegraves@example.org,(319)348-4549
65,Timothy,Arias,herreraamy@example.org,913.348.9149
66,Jennifer,Rowe,amygibson@example.org,521.966.7523x3528
67,Jodi,Fry,raymonddiaz@example.org,915.504.0173x603
68,Christina,Maddox,allison88@example.net,+1-433-479-1835x2259
69,Preston,Phelps,mariahernandez@example.org,5885714065
70,Phillip,Stone,martinblake@example.org,610.898.7867x029
71,Lynn,Jones,byang@example.com,(751)696-3193x215
72,Daniel,Foley,mitchellalexandra@example.com,921.459.0997
73,Carrie,Hill,halerachel@example.net,441-678-0639x62352
74,Russell,Taylor,josephwade@example.net,001-390-488-8602x0921
75,Megan,Wagner,lisa56@example.net,476.533.5344x5691
76,Christina,Sandoval,justin07@example.com,978-288-3011
77,Karen,Smith,robertnorman@example.net,001-480-977-3969x61848
78,Leah,Park,shawn31@example.com,857.373.8612x018
79,Charlotte,Smith,tina91@example.org,+1-307-860-3880x8990
80,Amy,Morgan,seanfox@example.net,231-517-3926
81,Donna,Lee,michelle48@example.org,(523)310-9209x9803
82,Nicole,Pope,bryanshelly@example.org,(364)786-9503
83,Rachel,Whitehead,egallegos@example.net,(672)511-7372
84,Jason,Robinson,allisonliu@example.org,751-415-9536
85,Brian,Brown,mwall@example.org,232-409-4670x472
86,Kathleen,Nelson,achen@example.org,+1-820-380-4397x042
87,James,Garcia,nicole96@example.net,689.362.0756x1747
88,Sandra,Daniels,mtrevino@example.com,476-985-1567
89,Olivia,Roberts,kathleen60@example.com,+1-352-874-5831x085
90,Jessica,Fernandez,xavierlewis@example.com,441.724.4837x185
91,Sandy,Stewart,villegasnicholas@example.net,279.680.7907x92857
92,John,Walker,kfoster@example.com,+1-491-906-7542
93,Andrew,Walker,keith14@example.com,+1-721-390-5844x239
94,Craig,Pittman,gchan@example.net,001-677-718-7433x123
95,Kenneth,Bush,andrea32@example.com,001-988-713-4799x9381
96,John,Lawrence,lawrenceveronica@example.org,(943)717-0087
97,Karen,Roberts,robertwood@example.net,001-298-805-8645x260
98,Erica,Smith,jodi22@example.com,8142835365
99,Ashley,Hunter,clintonromero@example.net,+1-341-785-6578x9242
100,Christopher,Kelly,williamsmith@example.net,+1-637-451-9807x6683
101,Steve,Gross,angela79@example.net,+1-957-509-8951x85407
102,William,Richards,nsmith@example.com,704.395.6725x7880
103,Jennifer,Young,rachel98@example.com,409-616-4151
104,Michael,Allen,henrychristopher@example.org,+1-661-928-6830
105,Ashley,Roberts,nathanielhodges@example.org,+1-234-650-5955x50747
106,Laura,Johnson,tracey70@example.net,001-427-416-5020
107,Peter,Padilla,shaun58@example.org,6057162025
108,Jessica,Leach,tina73@example.org,001-663-783-9238
109,Anthony,Smith,baileykatie@example.net,713.667.6696x79502
110,Tammy,Peck,gwilson@example.com,349-734-8183x5553
111,Andres,Pierce,williamsmolly@example.net,001-973-325-4712x3036
112,Bruce,Gonzalez,hernandezlarry@example.net,001-594-740-4959x7080
113,Matthew,Campos,joshuascott@example.org,(286)566-8707
114,Susan,Snyder,williamchavez@example.org,+1-900-918-8567
115,Julie,Vasquez,kallen@example.org,(662)865-1976x5214
116,Renee,Miller,carterjesse@example.net,001-730-792-9881x4413
117,Sara,Williams,kimberly43@example.org,377.429.5348x7488
118,Gregory,Jones,ycochran@example.org,001-347-912-7065x93978
119,Brittany,Gonzalez,kyle86@example.org,3348159808
120,David,Cook,richardryan@example.net,001-589-212-6887x6443
121,Melissa,Mcpherson,tmullins@example.org,+1-332-957-7840x2527
122,Ricky,Wiley,kathleenyoung@example.net,001-366-432-3398x7059
123,Francis,Hayes,adamharper@example.com,483.294.7822
124,Laura,Warner,joseph10@example.net,001-525-798-4516x9886
125,Timothy,Townsend,lgriffin@example.org,430-263-0876x173
126,Julie,Washington,mendozacarla@example.net,688.771.0302x9406
127,Nicholas,Ray,qdavis@example.com,620-608-5690
128,Regina,Rivera,jared09@example.com,(828)299-0810x4650
129,Steven,Lopez,frederickzimmerman@example.org,+1-213-450-9033x447
130,Michelle,Allen,paul87@example.com,224-846-7283x24433
131,Jose,Parker,lberry@example.net,517.404.2625x3425
132,Lisa,Stone,hensleynicole@example.org,626-259-5353x249
133,April,Reynolds,pamelavalencia@example.com,824.990.0247x28061
134,Jennifer,Reyes,lorirodriguez@example.com,+1-824-848-0329x880
135,Cynthia,Hodge,qcooper@example.org,430-829-6331
136,Barbara,Long,william65@example.com,365.532.3773x706
137,Lisa,Singh,qjensen@example.org,001-477-620-2591x9399
138,Robert,Reyes,stanleycrystal@example.net,+1-318-685-0025x733
139,Rebecca,Rodriguez,christopherwaters@example.net,001-394-224-0422x70897
140,Madeline,Wright,katherinejohnson@example.net,001-556-940-7347x5908
141,Victor,Morgan,cummingstiffany@example.net,(353)749-3049x325
142,Julie,Villegas,gregory68@example.com,254-479-0145
143,Courtney,Santana,stoutbrittany@example.net,422.662.4421
144,Joan,Hicks,bdickerson@example.com,(260)939-7949x5286
145,Mark,Flores,twilliams@example.com,954.785.9525x7285
146,Maria,Hoover,mark25@example.net,587-508-7656x4343
147,Shane,Johnson,sarahyoung@example.org,(289)528-6737
148,Gerald,Terry,kgarcia@example.org,+1-750-221-0308x478
149,Ashley,Mcmahon,annalewis@example.org,(962)268-5840x9499
150,Amanda,Nichols,amandahoward@example.net,+1-522-765-0577x74113
151,Ashley,Hicks,jeanette01@example.org,203.689.6190
152,Latasha,Stephens,browncarolyn@example.net,686.948.4708x993
153,David,Smith,parkerryan@example.org,927.563.8099
154,William,Robinson,jared42@example.com,653.816.9588x5348
155,Nathan,Hall,jillwest@example.org,205.598.1476
156,Jessica,Boone,ymcbride@example.net,+1-725-761-4314x668
157,Paul,Bennett,johnsonjason@example.com,850-547-2665x175
158,Renee,Smith,boyerjames@example.org,369-380-3864x18068
159,Jose,Dorsey,rachelnguyen@example.net,(605)409-8669x802
160,Tina,Jackson,andrea06@example.net,445-875-1528
161,Michelle,Martinez,ramosrobert@example.net,387.826.3118x458
162,Julie,Davis,russell23@example.net,(598)786-7484x082
163,Nicholas,Phillips,xhawkins@example.com,698.405.6203x003
164,Paul,Macdonald,jennifer39@example.net,868-809-1881
165,Rebecca,Olson,sherrygardner@example.org,001-441-445-5325x991
166,Linda,Miller,shawcourtney@example.com,337-214-7527x137
167,Robert,Mcguire,allenfernando@example.com,(808)328-6166x625
168,James,Carlson,james96@example.com,(905)339-4067
169,Ronald,Miller,thompsonjennifer@example.org,+1-709-971-4850x848
170,James,Jones,dsmith@example.net,746.823.4533x846
171,Ian,George,walkerstephanie@example.org,574.788.3379
172,Suzanne,Butler,mbrown@example.org,(362)623-1090
173,Ashley,Cooper,gonzalezmaria@example.net,+1-995-910-6739x01352
174,Rebecca,Cline,cgross@example.net,001-557-885-9620x536
175,Lisa,Frazier,brittany54@example.net,5864092174
176,Charles,Peterson,brianmcdaniel@example.org,302.606.8192
177,George,Berry,sleach@example.net,(276)588-5411x88519
178,Gregory,Barnes,donna04@example.org,863-765-7544x373
179,Matthew,Maxwell,victoria87@example.com,3345878229
180,Daniel,Burnett,proctortimothy@example.com,(940)555-5020x73241
181,Patrick,Mendoza,mcmahonmegan@example.com,001-582-586-7860x128
182,Jason,Smith,smithchristina@example.com,001-798-957-7360
183,Rebecca,Tran,ruthsmith@example.com,731.675.2807x2416
184,Tommy,Gonzalez,cody79@example.com,001-602-496-4298x29364
185,Johnny,Gonzalez,valvarez@example.net,+1-948-584-8975x2984
186,Susan,Bright,psanford@example.com,628-784-3359
187,Shaun,Brown,jacobmyers@example.org,(226)764-4900
188,Michelle,Adkins,eric23@example.net,+1-321-740-3003x407
189,Haley,Garza,karensmith@example.org,+1-464-870-5736x2252
190,Brandi,Clark,sara12@example.org,589-900-9024x505
191,Robin,Williams,eric73@example.com,937.950.9217x259
192,Jeffrey,Miller,progers@example.com,3827610848
193,Eduardo,Mckenzie,james89@example.net,832.377.6131
194,Matthew,Hardy,millerkathy@example.org,(442)526-6691x31751
195,Catherine,Johnson,patrickchristopher@example.com,(308)479-0708x000
196,Keith,Holmes,wadejames@example.net,945-448-1032
197,Cheryl,Krueger,ktaylor@example.net,824.269.9852
198,Connor,Ramirez,iwoodard@example.org,001-514-831-9106x8435
199,Victor,Davis,xwood@example.com,001-910-405-1518
200,Matthew,King,amber22@example.org,213.203.0708x98741
201,Angela,Gonzalez,sullivanjacob@example.org,(991)427-5554
202,Patrick,Bernard,sarah93@example.org,+1-316-954-0930x1060
203,Phillip,Garrett,barnesvalerie@example.net,465.239.5830x721
204,Rachel,Martinez,mmeza@example.net,+1-262-216-4853
205,Olivia,Ramirez,gerald55@example.org,+1-260-617-0225
206,Brittany,Villanueva,pattersonjared@example.com,570.493.1518x6715
207,Ashlee,Sanchez,xjohnson@example.org,(602)519-3144x7210
208,Melissa,Alvarado,jasonsullivan@example.org,(920)632-8339
209,Ralph,Townsend,gwest@example.com,880.908.7019x53969
210,Kristin,Harrison,morrisalexander@example.org,715-762-7892x55311
211,Christina,Roberson,nicholeflores@example.org,852.295.2656
212,Rodney,Mendoza,suzanne34@example.com,225.993.5044x08468
213,Seth,Carpenter,kendraanderson@example.com,(736)313-1951
214,Andrea,Fuentes,ckeith@example.net,913-202-8259
215,John,Murray,daniel97@example.org,844-219-2104x814
216,Andrea,Smith,moorekristina@example.net,969-672-9106
217,Meghan,Bennett,kaitlin85@example.net,+1-396-865-1445x58583
218,Robert,Joyce,hornkenneth@example.net,001-946-875-4720x560
219,Amber,Parker,justin52@example.net,(844)814-4886
220,Sara,Oneal,hcunningham@example.net,+1-218-970-6721
221,Lauren,Gamble,jacquelinemartinez@example.net,+1-830-391-5478x742
222,Michael,Phillips,anthony07@example.com,(527)755-0643x7748
223,Dawn,Morrow,laurenrivera@example.net,490.728.4021x45405
224,Paige,Heath,nrobinson@example.net,791-421-3695
225,Brian,Rodriguez,amber74@example.net,+1-983-436-9765x405
226,Stacy,Schneider,oyang@example.org,(705)453-7662
227,Jenny,Salas,cburgess@example.org,(647)860-7281
228,Rebecca,Ward,ryanhunt@example.com,(796)425-7095x753
229,Christopher,Fuentes,juanburns@example.org,+1-988-365-0223
230,Justin,Hampton,hayesmaria@example.org,223.207.4529x2345
231,Robert,Johnson,olong@example.net,(666)723-4726x668
232,Martha,Booth,romeroveronica@example.org,+1-781-537-8300x59796
233,Beth,Boyd,mgonzalez@example.com,(574)200-9505
234,Jacob,Hogan,lcline@example.net,452-429-0836x65002
235,Jennifer,Alvarado,kmiller@example.com,878.816.6928
236,Joshua,Robertson,beckywilliams@example.org,267.717.3161
237,Joel,Holt,david02@example.com,(610)989-7264x7538
238,Victoria,Jordan,marymarshall@example.com,301-586-7215x0904
239,Jason,Khan,angelakramer@example.com,+1-226-927-4812
240,Angela,Gibson,makaylaroberts@example.net,310-898-2555
241,Frederick,Miller,harveylori@example.org,494-307-0245
242,Carolyn,York,brittany96@example.com,(551)247-0821
243,Cathy,Wilcox,ebentley@example.com,977.666.5598
244,Douglas,Miller,melvinmeyers@example.org,+1-573-875-4772
245,Evan,Contreras,kevin70@example.net,001-782-907-0349x53905
246,Kimberly,Vargas,ronnie53@example.net,+1-808-680-2557x050
247,Christopher,James,lyonserin@example.org,001-373-818-8577x29934
248,Susan,Johnson,joshuamiller@example.org,856.323.6593x2977
249,James,Ramirez,nathaniel82@example.com,(974)641-6349x23859
250,Robert,Hart,jamie55@example.com,(896)967-6044
251,Margaret,Mccarthy,pdecker@example.com,909-582-0595
252,Kristen,Briggs,pagedaniel@example.net,+1-491-748-2635x53997
253,Amber,Kane,sheilajones@example.net,(393)941-4458
254,Ruth,Meyers,ngonzalez@example.net,(935)285-3222
255,Amanda,White,jamessarah@example.org,276-253-6816
256,Allison,Dunn,gardnerkaren@example.net,479.619.6546
257,Courtney,Thomas,cassiejackson@example.org,4082982781
258,David,Gomez,clinemegan@example.com,621-915-1870
259,Terry,Miller,maryphillips@example.org,288-482-8944x543
260,Christina,Brooks,sophiatapia@example.com,852.405.0011
261,Bryan,Roman,cmckay@example.com,(523)531-6596
262,Matthew,Carrillo,vford@example.org,(475)433-9547x0218
263,Steven,Pearson,meyersjennifer@example.com,(935)934-8851
264,Jessica,Hall,gregory27@example.net,399.767.8622x8554
265,Tammy,Gamble,johnsontristan@example.org,(911)308-6730
266,Rachel,Edwards,collinsjordan@example.net,001-908-716-3930x478
267,Jacob,Hernandez,michaelvincent@example.com,001-242-484-3211x029
268,Suzanne,Smith,umorales@example.org,001-541-535-1253
269,Damon,Dudley,xyates@example.org,909-571-6429x343
270,Cameron,Martin,brian09@example.org,786-625-6931x55650
271,Sarah,Wheeler,ysweeney@example.org,+1-787-542-8147
272,Tyler,Bartlett,joseph83@example.org,(772)428-5723x33970
273,Tami,Howell,matthewthomas@example.net,667.747.5752x64295
274,Karen,Davis,fowlertheresa@example.com,664.487.6299x51808
275,Karina,Hernandez,douglasstephen@example.com,001-587-407-9710x56522
276,Amy,French,adam29@example.net,001-853-886-7165x7967
277,Leslie,Henson,delacruzwendy@example.net,7135975284
278,Teresa,Mckenzie,ccastillo@example.org,+1-886-467-2762
279,Nicholas,Gilbert,qcollier@example.net,+1-990-834-0236x61761
280,Victoria,Stokes,thughes@example.com,(792)894-5223
281,Phillip,Shea,ybarron@example.org,555-422-2009
282,Rachel,Adams,nfreeman@example.net,001-573-739-0314x911
283,Brent,Morrison,jonathanchapman@example.org,(371)723-8483
284,Lindsay,Barnett,robert69@example.org,(733)846-7321x786
285,Dakota,Bush,christina45@example.com,(857)261-0002x551
286,Sherri,Potts,danielsdustin@example.com,001-535-369-8716x717
287,Sarah,Mcgee,brenda84@example.org,697.525.2574
288,David,Davis,jaredmatthews@example.org,2532038542
289,Roberto,Reid,alexander49@example.com,+1-697-368-7566x139
290,Linda,Day,danielhamilton@example.com,978-829-1587
291,Raymond,Fernandez,hayesdavid@example.net,(513)778-4036
292,Justin,Christensen,carlos43@example.org,(784)818-9624x73875
293,Ashley,Curtis,ryan02@example.com,+1-977-626-5476
294,Michael,Crosby,fowlerdaniel@example.org,896-980-2128x486
295,Miguel,Patton,mary04@example.net,(324)974-1614x934
296,James,Anderson,dawn86@example.net,+1-882-205-4617
297,Kelsey,Bennett,harrisonmichael@example.com,(598)722-4821
298,James,Nguyen,halejennifer@example.org,+1-276-253-3496x687
299,Zachary,Thomas,leahlee@example.net,870-221-8402x162
300,Curtis,White,john97@example.com,621.872.0632
301,Julia,Wang,courtneyrodriguez@example.org,546.778.8477x0361
302,Mitchell,Johnson,ambermccall@example.org,001-474-342-5996x276
303,Lisa,Wallace,nathanmendoza@example.net,500.405.8429x533
304,Steven,Robbins,jessica21@example.net,8223195267
305,Nancy,Moss,susan00@example.net,965.339.2111
306,William,Terrell,annehall@example.net,876.957.5352x99018
307,Mario,Thomas,vanessahunt@example.net,001-946-271-9305
308,Carolyn,Beck,pnelson@example.com,(244)779-9833
309,Dylan,Ruiz,echan@example.org,432.331.0529
310,Samantha,Fuller,davidreese@example.com,+1-921-889-5874x313
311,Kendra,Christensen,alvaradochristopher@example.com,(594)336-4217x1718
312,Amy,Coleman,elijah18@example.org,612.838.3530
313,Erica,Jacobs,dustinmorgan@example.com,+1-547-859-4750x04894
314,Brian,Sanchez,prodriguez@example.com,(948)470-1316x74410
315,Allen,Harvey,cdavis@example.net,001-218-753-4308x176
316,Kristine,Brown,christopherbarber@example.org,+1-748-518-3278x1266
317,James,Rivera,victoria75@example.com,(267)205-1138x4864
318,Danielle,Walter,hbrown@example.net,215.687.4355
319,Jon,Allen,smithkyle@example.com,+1-509-216-9017
320,Cynthia,Washington,christianpowers@example.org,838-315-4974
321,Stephanie,Alvarez,ywalsh@example.com,001-206-425-8842x616
322,Austin,Lopez,thomasalex@example.com,400.779.7313
323,George,Coleman,ryan00@example.org,+1-389-424-5915x24166
324,Steven,Moore,jjohnson@example.net,687.960.8685
325,Ryan,Jones,hillmichael@example.net,526.666.1367x152
326,Nicholas,Little,jacobjackson@example.org,+1-658-876-1147x3334
327,James,King,sanchezjustin@example.org,921-283-9485
328,Meghan,Trujillo,xmueller@example.net,001-867-899-7971x790
329,Edward,Logan,debra53@example.org,910.885.8080x572
330,Benjamin,Burnett,sandralewis@example.com,791.910.3319x19209
331,Tanner,Becker,cruzjulia@example.com,287-257-3430x94106
332,Allison,Parker,stephaniemueller@example.net,3245579293
333,Tonya,Burns,hillsean@example.net,449.330.6342x8195
334,Joe,Johnson,rhouse@example.org,736-987-8744x6448
335,James,Gilbert,eric94@example.org,+1-918-225-5448x708
336,Derek,Franco,krista81@example.com,001-782-661-0115x37277
337,Brian,Franklin,jsanchez@example.com,481.596.8821
338,Denise,Kirk,jonathonhorton@example.com,898-476-4232
339,Sara,Swanson,barbaraavila@example.com,998.239.5235
340,Kevin,Lopez,katie19@example.com,+1-871-927-3554x547
341,Timothy,Kelley,josephbell@example.net,(581)935-1362x56091
342,Margaret,Bowers,martinstacy@example.org,001-838-343-4450x4709
343,Cynthia,Nguyen,stevenward@example.com,+1-683-306-7370
344,Christina,Long,nhawkins@example.net,450-362-4854
345,Joyce,Harris,emily81@example.net,001-618-427-6748
346,Austin,Perez,sharon23@example.net,593-712-8331
347,Gary,Diaz,ramirezwilliam@example.com,554-432-4224x04643
348,Kaitlyn,Hernandez,denisebrooks@example.org,(911)588-5872
349,Christopher,Joseph,wrose@example.org,001-774-695-3768
350,Shari,Carter,justinjackson@example.org,2479127898
351,Christine,Dyer,arthurvelasquez@example.com,+1-826-225-4244
352,Katrina,Jones,kelsey38@example.net,(572)292-9269
353,Jeffrey,Flores,alishakim@example.net,(325)516-7845x20221
354,Jacob,Parks,laura82@example.com,886.364.0866x2602
355,Bonnie,Lewis,pricelaura@example.com,5397229316
356,Robin,Zuniga,edwardsshirley@example.net,001-387-225-7437x5830
357,Kathryn,Griffith,ktran@example.org,558-829-6529x39490
358,Jennifer,Koch,stephenpowell@example.org,659-847-5347x044
359,Nancy,Davies,duarteraymond@example.org,6988211472
360,Darren,Fisher,walshcarrie@example.com,520.205.9655
361,Stephanie,Wright,valerieguerrero@example.org,249.284.2540
362,Alex,Rodgers,robertmurphy@example.net,+1-608-384-4308
363,Jesse,Atkinson,bquinn@example.net,+1-321-745-1718x121
364,Douglas,Scott,rickylin@example.org,(838)263-1621
365,Samantha,Jordan,jarvisbrittany@example.com,205.515.5850
366,Mark,Sanchez,michael71@example.com,+1-788-614-3935x0352
367,Nicole,Gonzalez,cneal@example.org,855-478-1679x399
368,Raymond,Williams,ogilmore@example.org,398-556-9008
369,Kimberly,Townsend,tonyablake@example.org,4145470947
370,Leslie,Alexander,tnewton@example.net,+1-254-200-4105
371,Kara,Morgan,howardterri@example.net,432-785-2563
372,Jason,Bradley,johnking@example.com,540.447.4647
373,Tammy,Vaughan,michael62@example.org,001-691-963-0756x424
374,Robin,Lopez,kelli07@example.org,001-950-636-9846x881
375,Anne,Rubio,bakersamantha@example.com,(250)273-8531x389
376,Roberto,Brown,joanna51@example.net,537-900-3977x8421
377,Megan,Williams,fpatterson@example.com,001-798-669-2713x702
378,Crystal,Sosa,bishopteresa@example.org,001-804-239-2551
379,Todd,House,kevin38@example.org,676.862.6265
380,Scott,Kelley,michaelwatkins@example.com,+1-234-910-2056x2702
381,Jon,Harvey,stephen96@example.com,814.944.2031x4876
382,Phillip,Daniels,josephhull@example.org,948.636.9205
383,Daniel,Murillo,bethanyrichardson@example.org,691-499-7366
384,Jake,Brown,phebert@example.net,001-436-978-9648x850
385,John,Lewis,ucowan@example.net,+1-263-309-0790x7000
386,Cody,Hernandez,catherine51@example.org,296.559.0081x6199
387,Collin,Mills,masondavid@example.com,001-840-424-0340
388,Mark,Campos,erin75@example.org,659-215-8260
389,Bobby,Lewis,autumncook@example.com,(415)653-1328x78827
390,Donald,Conway,qbaker@example.net,(572)215-4631x2188
391,Christopher,Mooney,david54@example.org,372-612-5701
392,Shawn,Cooper,amandasanchez@example.net,+1-430-647-7858x997
393,Cameron,Beck,wesleyhaynes@example.com,335.716.5266
394,Jacob,Nicholson,lloydsamantha@example.net,661.335.9237
395,Kimberly,Brown,wolfcharles@example.net,+1-796-508-9494
396,Michael,Colon,ann74@example.net,422.860.9209x0734
397,John,Robinson,tmclaughlin@example.net,001-405-983-3660x3942
398,Amber,Franklin,lbaxter@example.org,515.628.8069x12078
399,Gregory,Brown,urhodes@example.org,434-242-6814
400,Kyle,Taylor,cynthia93@example.org,001-681-728-1188x5109
401,Kim,Washington,pvazquez@example.com,+1-422-623-1731x833
402,Megan,Gregory,nunezdouglas@example.org,(258)537-6484x7955
403,Caleb,Wilson,nelsonnicholas@example.org,+1-825-659-5744x591
404,Cheryl,Ortega,gilberthammond@example.net,001-314-310-6348x1579
405,James,Snyder,allenjacob@example.net,594.324.0528
406,Lisa,Smith,colleenwilliams@example.com,(941)258-6506
407,Gregory,Schmidt,millerlisa@example.com,(364)567-8511
408,Brent,Vargas,burkeaaron@example.com,+1-478-966-6013x81743
409,Elizabeth,Brown,gordonjuan@example.net,+1-497-595-1152x317
410,Joan,David,jvasquez@example.org,001-268-450-0859x71448
411,Adam,Anderson,kristahowell@example.net,9753287248
412,Nicole,Baxter,kellerscott@example.org,(583)648-6944x637
413,Robert,Bryant,qhernandez@example.net,5616965997
414,Karen,Watson,parrishmary@example.com,470-509-7287x394
415,Richard,Henry,kristen15@example.net,001-905-268-5910x68309
416,Christopher,Vega,mray@example.com,372.898.3088x521
417,Laura,Grant,pachecokatie@example.org,621.977.9259
418,Alexis,Brown,kevin68@example.net,(766)519-9048x5991
419,Chad,Thomas,barbarapeterson@example.net,872.675.8497x141
420,Benjamin,Watson,glopez@example.com,412.403.1690
421,Christopher,Hicks,sarahlong@example.com,(986)895-2758
422,Michael,Cochran,brenda36@example.com,001-466-368-4799x0671
423,Sarah,Johnson,rothcharlene@example.org,607.633.7996x17360
424,Allison,Petty,dylan70@example.com,663-437-6122
425,Christopher,Fischer,williamschristopher@example.net,926-223-1312
426,Diana,Ford,petersonpatricia@example.net,001-219-681-9080x932
427,Donna,Fitzgerald,patriciagreene@example.net,+1-471-933-4890x20043
428,Christian,Hernandez,millerpaul@example.net,358.792.1217x6620
429,Laura,Joseph,aharper@example.net,(544)340-2011x3680
430,Alexander,Williams,dbarnett@example.net,(203)923-0080
431,Eric,Patel,hwilson@example.com,001-326-959-7288
432,Rebecca,Pierce,wgraham@example.net,517-985-2339
433,Robert,Wood,josephmeredith@example.com,258-667-4758x4556
434,William,Lee,donna25@example.com,(924)537-1613
435,Luke,Ramos,crystalsims@example.com,(569)753-5113
436,Kathy,Novak,lwalsh@example.org,001-689-758-2674x40457
437,Brandon,Johnson,warrenchelsea@example.com,+1-772-468-0468x70419
438,Mary,Rivas,medinavanessa@example.com,562-296-7458
439,Ronald,Yates,maria79@example.net,+1-617-938-1433x99545
440,Megan,Nelson,holly38@example.com,962.247.9784
441,Nichole,Rollins,jtorres@example.net,(682)422-4106
442,Craig,Martin,mccoylauren@example.org,001-346-251-0282x499
443,Jeffrey,Yates,david81@example.org,465.811.8641
444,Beverly,Hamilton,pphillips@example.org,222.925.1234
445,Darren,Wallace,morrisonshari@example.com,271.626.6951x03364
446,Ian,Garcia,keith02@example.net,(350)611-0486x60398
447,John,Sullivan,franklinscott@example.org,892-797-6150x630
448,Craig,Meyer,lgoodman@example.org,(554)860-2544x381
449,Sergio,Pennington,turnerashley@example.net,001-393-886-6728
450,Tammy,Woods,todd40@example.org,781-364-2725x96850
451,Greg,Brown,lfreeman@example.com,677.924.2225x909
452,Melissa,Perez,sarah86@example.net,456.419.8672
453,Victoria,Hansen,millerjoshua@example.com,3157597969
454,Denise,Perkins,deleonann@example.org,(922)247-4241x96889
455,Nicholas,Smith,leonardtate@example.com,8079228346
456,Shannon,Keller,clee@example.com,420-421-6885
457,Megan,Carr,annmcclain@example.net,001-565-273-9670x3721
458,Brian,Gregory,ufrazier@example.com,(620)407-0326x23973
459,Deborah,Jones,syoung@example.com,2584785704
460,Lisa,Krause,jonesangela@example.com,488-693-1646
461,John,Mccoy,hmiles@example.com,+1-248-822-5433x86678
462,Matthew,Bright,kevinwhite@example.com,532.542.7767x2552
463,Billy,Black,robertlucero@example.com,+1-253-967-4461x58764
464,Michael,Mcclure,hsalazar@example.org,929-883-6981
465,Timothy,Larson,zachary87@example.org,583-473-6496
466,Susan,Whitney,jonathan09@example.com,(443)287-8767x09011
467,Gary,Harris,mwhite@example.net,8643684511
468,Robert,Valdez,vwood@example.com,+1-278-855-9958
469,Peter,Nelson,wallison@example.net,853.564.8655x0592
470,George,Watts,joshua48@example.com,955.296.4249
471,Tina,Cole,melissa62@example.net,4712347931
472,Ronald,Clayton,alyssa42@example.org,6116641243
473,Andrew,Johnson,ianshea@example.com,349-525-0652x306
474,Jimmy,Estrada,nmoody@example.com,733.834.0270x646
475,Ryan,Hanson,dgeorge@example.net,001-206-669-8521x2752
476,Seth,Gomez,debramooney@example.net,598-986-4412
477,Daniel,Rodriguez,charlesjohnson@example.org,735-308-9726x1590
478,Andrea,Chavez,martinezcynthia@example.com,689-400-8796x3625
479,Lindsey,Johnson,josegrimes@example.org,001-211-441-1609x28305
480,Matthew,Davis,dschultz@example.net,245-693-2157
481,Paul,Allen,adamsdana@example.org,734-812-8673
482,Jennifer,Kelly,williamselijah@example.net,926.607.5768
483,Victoria,Porter,haaskathy@example.org,(475)661-0054x79286
484,Donna,Watkins,davisvictoria@example.org,001-923-815-4489x25607
485,Stephanie,Anderson,elizabethdiaz@example.com,+1-628-442-0491x8579
486,Melinda,Spencer,orrjonathan@example.org,686-227-3550x3667
487,David,Jones,josephjason@example.net,(583)952-0649x6653
488,Paul,Patel,lindseyclark@example.org,867.835.3981
489,Jeffrey,Green,butlerwilliam@example.org,722-924-6610
490,Pam,Cantrell,michelle38@example.org,940.218.0961
491,Carl,Lopez,amanda92@example.com,6926601662
492,Shawn,Williamson,rochajennifer@example.org,927.726.9356
493,Jose,Roth,trobinson@example.org,+1-225-397-0989x287
494,Christopher,Young,kristen51@example.org,+1-222-475-4105x8148
495,Heather,Savage,ntaylor@example.net,(451)766-6136
496,Andrew,Jacobson,ana06@example.org,918.297.0575
497,Michael,Ho,cmueller@example.org,2739898328
498,Jessica,Hoffman,larry85@example.net,(461)689-7426
499,Robert,Wang,gglover@example.com,965-369-3998x775
500,Cory,Byrd,rebeccabrandt@example.net,(273)679-7639
501,Peter,Ramirez,xanderson@example.net,837.613.5066x016
502,Patrick,Thomas,lauraflores@example.org,322.560.6743x55937
503,Michelle,Williams,hollowaymichelle@example.com,(789)429-4909x44237
504,Don,Moon,jessicapeterson@example.com,(723)782-1937x19389
505,Peter,Washington,perezjason@example.net,793.402.1178
506,John,Williams,taravelasquez@example.org,+1-506-745-7927x69226
507,Anna,Reid,elawson@example.org,001-515-791-3887x193
508,Caitlin,Saunders,justin98@example.net,+1-526-340-2909x14919
509,Tony,Smith,jason18@example.com,237-899-7856x101
510,Crystal,Howard,michaelballard@example.net,(705)958-0622
511,Angela,Porter,johnjohnson@example.com,789.435.0063
512,Savannah,Moore,ramirezdylan@example.net,+1-233-743-1266x434
513,Sheila,Johnson,fisherjacqueline@example.net,(607)895-3890x35849
514,Michael,Harris,jason57@example.org,513-616-0291x6882
515,Ryan,Taylor,zachary52@example.com,877-969-3336x544
516,Matthew,Sullivan,upham@example.net,8767578581
517,Stacey,Bowman,mcmillanhaley@example.net,+1-996-320-6759x407
518,Carla,Thornton,bennettamanda@example.org,(929)674-3952
519,Kevin,Smith,justin00@example.org,334-200-4409x64331
520,Brandi,Kramer,timothyhill@example.com,+1-690-949-2640
521,Robert,Costa,talvarado@example.com,7076901937
522,Timothy,Wilson,youngsean@example.net,+1-751-826-1340
523,Joseph,Smith,jamesacosta@example.org,(984)445-2100x71981
524,Duane,Martinez,zhangerica@example.org,769-561-1786x250
525,Janet,Brown,robertdean@example.com,001-973-496-7890x30045
526,Bruce,Ward,jennifercasey@example.net,749.752.4325
527,Michelle,Strong,joseph46@example.org,834-772-2756
528,Timothy,Walker,cheyenne32@example.org,(491)619-1430
529,Lorraine,Cardenas,nscott@example.net,8807341117
530,Ronald,Mcdaniel,saustin@example.com,957.582.5376x867
531,George,Perez,acampbell@example.org,669-962-1436x23560
532,Jorge,Mcdowell,mendozacrystal@example.net,+1-916-468-1670
533,Brandon,Esparza,lesliedavis@example.org,562-575-0390x0472
534,Scott,Lewis,smartinez@example.org,781.922.7394
535,Lynn,Richards,morganmills@example.com,6266182939
536,Kayla,Alexander,dsmith@example.org,+1-634-317-9456x9478
537,Douglas,Weiss,ztravis@example.com,+1-325-217-0631x0483
538,Jonathan,Mora,katherinemontgomery@example.com,(665)228-5122
539,Monica,Jackson,mariamontoya@example.net,(633)762-0898x96283
540,Amanda,Foster,mmarquez@example.com,872.560.0978x66257
541,John,Benitez,tracey96@example.com,001-585-810-7727x12587
542,Catherine,Brown,kbowen@example.org,001-262-274-1736x97986
543,Patricia,Hendrix,wandageorge@example.com,+1-526-234-9976x850
544,Neil,Logan,judith61@example.org,544-341-2552x84449
545,Michael,Gonzalez,vhaas@example.org,(519)267-5123
546,Jennifer,Long,idelacruz@example.org,412.781.0713x9452
547,Richard,Bowman,juliaperkins@example.org,922-994-1153
548,Angela,Gonzalez,tmartin@example.org,533-334-2195x68357
549,Kayla,Freeman,lmartinez@example.org,+1-496-221-9956x46929
550,Tommy,Rodgers,cordovadiane@example.net,554.302.6147
551,Lindsey,Ryan,brian92@example.net,3388641930
552,Stephanie,Carpenter,louisarellano@example.net,001-245-802-0959x76973
553,Alexis,Holt,pthomas@example.org,+1-965-651-2197x018
554,Timothy,Valencia,carriestone@example.net,(203)764-2305
555,Janice,Hicks,mariahmueller@example.com,+1-573-919-1277x893
556,Terrence,Hampton,jvargas@example.org,222.912.4635x92110
557,Kimberly,Lopez,romerocarol@example.org,811.346.7721x9473
558,David,Mayo,davisethan@example.org,(248)378-6051
559,Angela,Brooks,qharrison@example.org,248.909.2231
560,Jeanette,Holmes,shawnfischer@example.com,874.533.4285
561,Andrea,Chavez,michaelwade@example.com,595-394-0646x6210
562,Tracy,Velez,betty95@example.net,930.570.7717x82349
563,James,Le,jonathan08@example.com,(653)967-6091
564,Clinton,Cole,kaylagalvan@example.net,822-709-8223x1176
565,Christopher,Smith,griffinamanda@example.com,422.676.8576
566,Kenneth,Benson,markhiggins@example.com,001-383-246-9331x9970
567,Dylan,Gomez,debragarza@example.org,5713510227
568,Julia,Lopez,patrick76@example.com,619.800.5779
569,Julie,Taylor,jacqueline01@example.com,454-270-4394
570,April,Wilson,jennifersmith@example.com,533-492-3612
571,Julie,Ellison,khankristina@example.net,810.962.2947x300
572,Ashley,Carpenter,mariabeltran@example.org,(770)547-9587
573,Kathy,Lam,gbradley@example.net,302-432-0720x867
574,Mark,Henry,lunavalerie@example.com,508.631.4885
575,Summer,Harris,paulreid@example.net,760-521-0512x2582
576,Allen,Stout,donna41@example.com,+1-386-828-4654
577,Lisa,Taylor,michelle03@example.net,691-210-0857
578,Joseph,Robinson,michellehill@example.net,693-294-8926
579,Diana,Collins,jonathan89@example.net,001-453-845-0233x678
580,Charles,Donaldson,acooper@example.org,690.213.0759
581,Debra,Torres,marissawest@example.net,001-558-266-0104x31794
582,Danny,Madden,michaellevine@example.net,453.683.4322x151
583,Bridget,Burton,melissaallison@example.org,(448)874-8127
584,Daniel,Brown,hernandeznicole@example.com,+1-779-582-0001x5113
585,Ashley,Holden,maria25@example.com,375.482.2565x8546
586,Kathryn,Velasquez,cristinabond@example.org,7755421915
587,Mindy,Cooper,fosterapril@example.net,875.461.4568x589
588,Jessica,Case,tony72@example.net,001-363-405-4031x43422
589,Travis,Davis,reedmelissa@example.org,3883697710
590,Shannon,Wilson,rhall@example.net,443-609-3571
591,Cindy,Oliver,nelsontimothy@example.com,+1-390-352-7679x59386
592,Clifford,Ali,caleb53@example.com,+1-455-453-5730
593,Ellen,Brown,jacobross@example.net,943-582-4825
594,Taylor,Reyes,zhunter@example.org,001-847-888-1570x638
595,Christopher,Kim,randy71@example.net,888-999-6923x60077
596,Michael,Chen,audreycastillo@example.org,927-661-5921x173
597,Melissa,Tucker,tinanorman@example.com,+1-944-955-8802x7379
598,Kristi,Miller,albert01@example.net,840.940.3910x8749
599,Jennifer,Wells,melanie85@example.org,(267)618-9118x3334
600,Dawn,Mason,martinezaaron@example.net,815-729-7355
601,John,Grant,ronaldsolis@example.org,+1-670-519-6825x597
602,Tina,Thompson,charles39@example.org,499.406.5190x60470
603,Lauren,Oconnor,jasonking@example.net,001-864-248-8791x21002
604,John,Lewis,jessicashah@example.com,661-654-9958
605,Jason,Weaver,nicholaskim@example.org,(605)533-5085x45742
606,Philip,Huber,woodsjenny@example.org,483-555-6651x6056
607,Ryan,Morales,ejones@example.org,(553)950-1962x8728
608,Christopher,Sanchez,jameshall@example.net,(579)430-5567x569
609,Timothy,Martinez,marcuskennedy@example.com,+1-598-831-7034
610,Cynthia,Morton,travispierce@example.com,862-609-7375x94639
611,Robert,Williams,richdeborah@example.org,(861)666-3947
612,Jason,Raymond,yburns@example.com,736.224.0777x46128
613,Alexander,Henry,bethwatkins@example.net,717-569-2912
614,Christina,Walters,ksantiago@example.net,(804)781-4832x5562
615,Debra,Roberts,markstephens@example.com,735.635.2858x634
616,Jerry,Tran,belinda22@example.net,(620)739-2872
617,Molly,Boyer,kknight@example.com,342.902.3028
618,Caitlin,Nichols,douglas04@example.net,+1-618-788-0984x547
619,James,Bridges,thomasmorton@example.net,426-768-6121x172
620,Stephen,Cruz,timothyhoward@example.net,915.279.3593
621,David,Gardner,carolynrowe@example.net,+1-477-982-8568x2897
622,Sally,Hickman,mayemily@example.com,001-650-687-8472x8326
623,Julie,Stephens,ebrown@example.org,540-412-5495
624,Craig,Curry,tpeterson@example.org,640.887.0374
625,Tyler,Good,sarahbailey@example.org,255.594.5217
626,Belinda,Coffey,kevin36@example.com,001-595-786-0650x26151
627,Jodi,Bennett,nicolecastro@example.net,(224)942-6479x98500
628,Chase,Chapman,faulknerdarryl@example.org,459.414.5903
629,Kevin,Sullivan,ryangonzalez@example.com,+1-397-539-3849x5161
630,Alyssa,Butler,sawyerthomas@example.org,800-843-0587x87753
631,Vanessa,Duran,jonathanconway@example.com,592.750.5094x4673
632,Mark,Gomez,davisjohn@example.com,832.613.5831
633,Brenda,Garrett,joshuagordon@example.net,001-868-666-2692x050
634,Jason,Harrison,eacosta@example.com,496.998.1126
635,Jennifer,Mason,todd09@example.com,7546029269
636,Jose,Torres,haleycrawford@example.com,(235)296-8570
637,Jessica,Gilbert,ibrown@example.net,+1-784-912-9320x468
638,William,Green,valerieosborne@example.net,668-642-6482x651
639,Juan,Clark,tannerstafford@example.net,(985)443-1153x3402
640,Lisa,Anderson,avilachristopher@example.org,2463448853
641,Kelly,Green,ebailey@example.com,(453)666-3151x604
642,Jessica,Strong,hinesreginald@example.com,001-358-263-2549x70881
643,Robert,French,cynthia70@example.org,768.806.4845
644,Jeffery,Murphy,dfowler@example.com,(311)316-6460x30930
645,Traci,Warren,amy15@example.net,562.363.8341x133
646,Mark,Owen,woodsdarryl@example.org,427.775.2868x29538
647,Andrew,Sullivan,sarah36@example.org,752-249-2401x9194
648,Terri,George,paul58@example.org,328.671.5608
649,Alicia,Adkins,nguyenallison@example.com,+1-773-832-4729x55038
650,Dennis,Bailey,jasonflynn@example.org,272-989-3733
651,Joseph,Jacobs,amorales@example.net,+1-932-448-8697x38590
652,Zachary,Huerta,woodsgary@example.com,001-457-557-7533
653,Robert,Smith,daniel54@example.org,974.910.9704x443
654,Brittany,Vasquez,brianwade@example.org,(666)934-4151
655,Megan,Phillips,phernandez@example.org,001-702-791-4471x0807
656,Alison,Barnes,wellsariana@example.com,(815)773-9735
657,Adam,Rosario,hollowayjenna@example.com,468-619-3223x1812
658,Alison,Melton,washingtonlindsay@example.org,309-526-4961x81512
659,Lauren,Baker,brian72@example.com,(248)554-2408x14942
660,Kelly,Reynolds,luislarson@example.net,676.963.5279
661,David,Brown,christiancollins@example.com,+1-528-879-9754x766
662,Thomas,Smith,qscott@example.org,+1-611-604-8964
663,Tyler,Ross,linda34@example.org,322-980-5036
664,Vanessa,Burke,amandasmith@example.com,948-336-1786x455
665,Jack,Clark,christinefoster@example.com,6086650732
666,Anna,Gonzalez,mary61@example.com,7254927907
667,Robert,Brown,frank04@example.com,+1-533-422-6352x6048
668,Breanna,Adams,tblake@example.net,(360)356-0518x580
669,Kelsey,Cooper,jennifernichols@example.org,(214)381-5702
670,Joshua,Horn,lcarroll@example.org,001-714-860-6479x58057
671,Christopher,Rogers,lisa28@example.com,939.829.5296
672,Colleen,Flores,lynn64@example.com,6136450218
673,Janice,Glenn,diane60@example.org,288-275-8652x36052
674,Jessica,Allen,angela03@example.org,+1-747-636-8252x21645
675,Maria,Jackson,nmartinez@example.org,(568)726-8662x5181
676,Lisa,Gonzalez,marysmith@example.com,(923)618-9899x04189
677,Steven,Simpson,shortcarlos@example.net,+1-821-920-2323
678,David,Little,charlotterobinson@example.com,001-273-847-6773x203
679,Douglas,Holmes,joel08@example.com,3829977202
680,Kimberly,Hudson,john60@example.com,964-932-1914x3290
681,Heidi,Walker,ehogan@example.com,742-842-8572
682,Gabrielle,Vincent,tperez@example.net,979.310.0740x918
683,Rachel,Watson,jonesalexis@example.com,+1-316-746-8788x7782
684,Peter,Herrera,karenthompson@example.com,001-519-229-1926x901
685,Chris,Hall,rileydarlene@example.net,(487)981-4152x3519
686,Henry,Lee,brent69@example.net,530-638-9126x588
687,Thomas,Garcia,hthomas@example.net,001-451-705-8144x7550
688,Bradley,Mitchell,hardingolivia@example.com,674.571.3208
689,Sandra,Alvarez,mikemurphy@example.org,290-503-1074x0479
690,Chloe,Christensen,fernandezbarbara@example.org,5918586980
691,Anthony,Cline,kayla31@example.com,+1-330-469-4085
692,Lori,Mccoy,urich@example.com,001-372-341-1231x093
693,Rebecca,Ford,smithcharles@example.org,(230)217-0872
694,Allen,Wood,pruittcharles@example.com,999-594-9094
695,William,Williams,amanda22@example.net,+1-248-448-4848x595
696,Christine,Brown,mark58@example.org,(459)237-6471x7927
697,Matthew,Palmer,otran@example.com,001-764-475-0812x23053
698,Craig,Foster,william17@example.org,552-579-2282x75296
699,Laura,Todd,ohurley@example.org,001-912-406-6455x19487
700,Sean,Romero,gdecker@example.net,717.571.8915x88386
701,Larry,Morales,bakerjacob@example.org,517-389-4532x854
702,Jamie,Rodriguez,wandaosborn@example.com,205-223-9591x96470
703,Ian,King,taylor10@example.net,001-311-917-1459x72035
704,Scott,Davis,kellyjames@example.org,409.544.5653
705,Kevin,Cox,brookemartin@example.org,8614794613
706,Michael,Brown,kingjeffery@example.com,(579)499-0816x9391
707,Anthony,Dawson,caitlin26@example.org,(741)974-9980x514
708,Rhonda,Garcia,doughertycatherine@example.net,201.919.3171x076
709,Matthew,Schaefer,micheleortiz@example.com,276.671.5411x6749
710,Stacey,Coleman,imcneil@example.org,237.980.8043
711,Brandi,Peterson,moonchristopher@example.net,+1-885-703-0167x1094
712,Joe,Johnson,timothy67@example.net,(503)389-1852
713,Joshua,Thornton,vmartinez@example.org,+1-912-464-7321x7998
714,Victor,Griffin,masseykelly@example.net,+1-407-739-5932x9885
715,James,Wood,ashleyjohnson@example.com,436.249.0591x70883
716,Tammy,Harper,rzamora@example.com,604.731.6469x3968
717,Gary,James,john06@example.net,7167001255
718,Deborah,Hubbard,allison88@example.net,001-939-578-1164x12696
719,Valerie,Lopez,anthonybooker@example.org,647.942.0564
720,Shawn,Turner,davidbailey@example.org,949.942.6812
721,Thomas,Mcneil,todd40@example.org,335-238-6644x226
722,Colleen,Harrell,lodonnell@example.org,895.884.0404x83743
723,Alice,Torres,powellfred@example.org,(273)496-2654x456
724,Jessica,Delacruz,nunezfelicia@example.org,+1-517-885-7243x03270
725,Lisa,Lyons,wcontreras@example.org,+1-690-528-7145x33026
726,Zachary,Lynch,slowe@example.net,+1-923-592-6999x911
727,Ashley,Schmidt,amaldonado@example.net,(494)721-8140
728,Barry,Peterson,amandaali@example.org,(858)952-0550x244
729,Adrienne,Osborne,balldana@example.org,567-677-7976x4210
730,Robert,Castillo,heather31@example.net,344-965-0554
731,Roger,Le,elizabeth58@example.org,761-479-9370x9062
732,Christina,Knight,msmith@example.org,(386)607-0363
733,Michelle,Hall,rileycarmen@example.net,(795)490-7061
734,Kristin,Evans,ronald21@example.net,(241)481-4366x087
735,Jessica,Hill,zachary17@example.com,+1-555-833-2963x27409
736,Sarah,Jones,qgreene@example.net,(798)310-8225x568
737,Deanna,Montes,eugenetanner@example.org,001-818-566-5131x9846
738,Joshua,Martin,josephpatel@example.com,911.790.6099
739,Eric,Rodriguez,phylliscampbell@example.com,(342)559-9497
740,Eric,Mcguire,bhill@example.org,252.556.8507
741,Michael,Hill,kelly24@example.net,339-545-8830
742,Christopher,Love,benjaminunderwood@example.com,001-536-670-9088x423
743,Ryan,Adkins,spencermartinez@example.org,444-339-9488x59374
744,Jennifer,Blair,mhowe@example.org,(817)650-1515x362
745,Anthony,Martin,cardenasterry@example.org,+1-213-518-7247
746,James,Roberts,gbrown@example.net,001-321-756-1082x331
747,Jason,Richardson,millerjennifer@example.com,001-884-451-6028x268
748,Ashley,Hernandez,gateskimberly@example.org,+1-819-390-6822x804
749,Rebecca,Berry,joseferguson@example.com,3616738301
750,Keith,Foley,clarktami@example.com,+1-488-749-2211x79943
751,Jacob,Wolfe,anthonymurphy@example.org,001-295-514-3743x792
752,Kristin,Gilmore,nashjared@example.net,001-672-617-8348x45676
753,Jesus,Hernandez,heather70@example.com,001-861-652-7563x3082
754,Madeline,Kim,kellyadkins@example.org,+1-334-946-8014x32959
755,Maria,Ortega,deborah43@example.com,(614)583-6451
756,Holly,Vasquez,zdonaldson@example.net,672-560-6001
757,Jose,Johnson,christopherstrong@example.net,(475)252-4651
758,Pamela,Stewart,sortiz@example.org,+1-631-994-7307x8237
759,Kevin,Clark,kyle27@example.com,274-565-9652
760,Lisa,Ryan,cynthiasmith@example.org,+1-703-525-7139x933
761,Tonya,Gibson,dawndixon@example.com,446-687-7196x072
762,Alicia,Smith,juliemunoz@example.com,+1-291-415-1521x10024
763,Cameron,Chan,qcohen@example.net,231-592-3998x02885
764,Katherine,Harris,vbrown@example.org,(924)919-4850x25337
765,Angela,Smith,rebeccasmith@example.org,780.966.2619x321
766,Emily,Beck,kimberly76@example.net,732.916.0460x39069
767,Matthew,Acevedo,jeremy00@example.com,279.522.0510x8516
768,Gerald,Nguyen,mbooth@example.net,+1-357-868-2092
769,Amanda,Rivas,daniel26@example.org,7282375480
770,Rebecca,Rosario,leslie07@example.com,3084474593
771,Caroline,Atkinson,kylewilliams@example.net,240-677-1414x05248
772,Maureen,Horton,mitchellgregg@example.org,+1-618-881-9733x2636
773,Julia,Mitchell,donna82@example.org,+1-627-906-4251x25109
774,Wanda,West,randerson@example.com,646-257-8613x2589
775,James,Estrada,chernandez@example.com,+1-515-641-6451x192
776,Zachary,Wheeler,mcconnelllaura@example.com,920-814-1386x987
777,Laura,Erickson,rubiojames@example.org,(531)871-6178
778,Erik,Stokes,williamsterri@example.org,001-655-776-6785x3374
779,Brian,Waller,sheilahartman@example.com,(607)410-2573
780,Cynthia,Bush,pmccarthy@example.net,206-781-1600
781,Jillian,Miller,zneal@example.org,695.769.5878x472
782,James,Holder,harringtonrobert@example.org,305.787.3859
783,Edgar,Collins,michael01@example.com,+1-660-587-6605x4583
784,Deborah,Tate,yturner@example.org,(528)691-8362x92796
785,Russell,Williams,jonwalker@example.org,+1-847-593-6801
786,John,Dennis,laurabridges@example.com,376-398-2584x381
787,Monica,Sutton,jennifercontreras@example.com,408-924-4947
788,Walter,Johnson,jacobwalter@example.org,(814)547-5114
789,Eric,Scott,beth00@example.com,(513)845-9453x54763
790,Miranda,Atkinson,osantiago@example.com,800.317.7170
791,Eric,Parrish,wolfekaren@example.org,530.686.2016
792,Devon,Evans,jennifer72@example.org,9808049459
793,Crystal,Jones,judygarner@example.com,8082800482
794,Hayley,Le,joconnor@example.com,9616535515
795,Scott,Kent,jamesbreanna@example.com,(345)452-4421
796,Billy,David,peterpadilla@example.net,(393)606-2513x047
797,James,Graves,farnold@example.com,500.823.0264x8047
798,Diane,Craig,moravalerie@example.com,+1-624-840-5647x8504
799,Ricky,Tyler,jwelch@example.net,883.639.0046
800,Matthew,Hudson,patriciatorres@example.com,5413574338
801,Stacey,Dorsey,veronicareyes@example.net,828-375-0503x273
802,John,Williams,graysandra@example.com,3016682792
803,Peter,Hall,fletcherdavid@example.com,433.286.3645x372
804,Michael,Durham,rogerssamantha@example.org,(228)529-5485
805,Theresa,Davis,dthompson@example.net,+1-911-980-3427
806,Alicia,Lewis,mckinneyapril@example.net,986-875-4800
807,Steven,Alvarez,qkaiser@example.com,7228071367
808,Richard,Barnes,zpowell@example.net,+1-666-478-7219x6609
809,Alan,Lawson,alexandria03@example.org,+1-483-524-1196x83711
810,Cassandra,Stewart,karen94@example.net,274-684-7528x2412
811,James,Garcia,dhuff@example.org,001-248-842-6737x8949
812,Luis,George,caroldunlap@example.net,334.488.9850x671
813,Jennifer,Ashley,seanwilliams@example.com,761-478-7643x075
814,Jennifer,Baker,sonya77@example.org,780-458-6958x1581
815,Derek,Wiggins,romerologan@example.com,9325833083
816,Jason,King,mphillips@example.org,+1-844-406-3337x5231
817,Jasmine,Scott,brichards@example.net,001-595-793-9570x133
818,David,Haas,crystalrhodes@example.com,(780)929-1117x767
819,Gregory,King,gabriellehall@example.com,(968)404-0885x64249
820,Courtney,Nunez,crystal36@example.com,714.994.7713
821,Megan,Frazier,leonjohn@example.com,(293)639-3826
822,Christina,Carroll,jshepard@example.com,(811)356-0858x3802
823,Marie,Brown,christopherwalton@example.org,516-643-7737
824,Elijah,Andrews,nicolekoch@example.com,216.474.2206x8286
825,Francisco,Brooks,udavies@example.net,7214579451
826,James,Rodriguez,mark90@example.net,302-816-4075x273
827,Lance,Marks,martinpatricia@example.com,3036392835
828,Richard,Jensen,wendy15@example.com,544.800.5273x936
829,Ashley,Lindsey,ljames@example.com,6319080756
830,Scott,Hernandez,allenkelly@example.org,001-939-557-7832
831,Paula,Walker,taylorchristy@example.com,+1-223-897-9580
832,Andrea,Walls,tom37@example.com,(927)910-5932
833,Charles,Craig,hicksshannon@example.com,279.824.2319x6342
834,Javier,White,wendy34@example.org,001-463-309-7327x52819
835,Benjamin,Hull,cohenluis@example.org,528.617.5735x5804
836,Jacob,Mcdonald,katherine70@example.org,665.744.6114x8734
837,Lisa,Oneill,phillipgilbert@example.com,(453)217-3527x347
838,Alison,Brown,andrewsolomon@example.net,+1-819-278-3815x625
839,Jocelyn,Bauer,phillipsscott@example.org,(343)356-3006x66629
840,Kyle,Gonzalez,ojones@example.net,249.882.6517
841,Jeremy,Ingram,qshaw@example.com,443-534-1978x215
842,Andrea,Johnson,fraziercarlos@example.net,623.580.5756x4436
843,Kaylee,Burns,calebpatterson@example.net,(605)638-9099
844,Kristen,Lopez,pwilson@example.net,001-970-412-3854x04890
845,Kathleen,Scott,hthompson@example.com,708-453-1267x83308
846,Christina,Copeland,jose69@example.com,(556)387-0760x07139
847,Luis,Johnson,obrientyler@example.net,+1-791-830-2982x97417
848,Alan,Reeves,ahebert@example.org,(976)662-6157x89345
849,Erin,Bell,dawnrichards@example.com,429-307-9300x327
850,Danny,Gray,ppearson@example.org,671.227.2782
851,Donna,Romero,colonlisa@example.com,(856)774-9581x64998
852,Mary,Smith,wilkinsonxavier@example.com,001-688-352-8217
853,Joshua,Schmidt,ecarter@example.com,555.761.1151x055
854,Kayla,Mccormick,nicolehardy@example.com,+1-700-344-2860x55143
855,Sabrina,Cervantes,mcdonaldjason@example.com,320.256.8453
856,Timothy,Perez,kelly94@example.org,001-903-375-8294x641
857,Erica,Larson,lewisbrenda@example.net,001-628-640-2551x739
858,Brianna,Schroeder,batescheryl@example.org,+1-591-965-0408x127
859,Paul,Williamson,sheryl76@example.org,783.919.4086x7808
860,Erin,Davis,amandabaker@example.com,(576)996-9300
861,Daniel,Carter,cabreratammy@example.net,742-957-6038x9424
862,John,Wheeler,jasonmalone@example.com,570-338-1883x71572
863,Rita,Jones,murphykatherine@example.org,452-457-5355x56986
864,Curtis,Johnson,laurajohns@example.com,630.518.8496x3330
865,Alicia,Le,bautistamichael@example.com,348.437.8627
866,Donna,Price,gwilson@example.com,931.883.9556x021
867,Anthony,Vega,michellehooper@example.net,001-447-707-2151x37369
868,Brittany,Pitts,carrmelissa@example.org,533.882.5646x96003
869,Evelyn,Stanley,kpope@example.net,(997)954-3380
870,Raymond,Robinson,heathermorrow@example.com,(347)658-7011x867
871,Melody,Ford,morgan07@example.org,+1-743-263-1829x5818
872,Edwin,White,jenniferadams@example.net,(461)397-3535
873,Ashley,Garcia,ytucker@example.com,5518493003
874,Ashley,Coffey,robertsonpatrick@example.net,431-329-7213x080
875,Jasmine,Gibbs,jessica12@example.org,001-629-961-7543x7217
876,David,Ross,mpearson@example.net,6056870294
877,Katie,Kane,tmiller@example.org,897.933.6793x53171
878,Michael,Cervantes,alexander32@example.org,(599)577-7581
879,Danielle,Barnett,christinewaters@example.org,(811)659-6064x58418
880,Shawn,Johnson,vvelasquez@example.net,268-740-6401
881,James,Henry,owenssarah@example.org,(320)308-9459x407
882,Donna,Carter,caseyjessica@example.org,001-390-442-1069x707
883,James,Boyd,jrivera@example.net,271-620-4263
884,Kristen,Smith,eric75@example.net,2498300815
885,Kathy,Love,meghan43@example.net,(940)860-4355x3025
886,Felicia,Powell,kporter@example.com,442.773.7169x511
887,Zachary,Kane,adamstodd@example.net,583-612-3142x9926
888,Robert,Price,jamiemccarty@example.com,001-680-668-9327x13276
889,Chad,Rice,lowecarol@example.org,001-339-285-8170x89439
890,Christopher,White,angelahunter@example.net,001-374-985-9583x843
891,Anthony,Garcia,clarkjason@example.com,5148358245
892,Gina,Medina,timothy32@example.net,001-505-818-1976x237
893,Amanda,Kim,christophergoodwin@example.net,475-231-5931x8267
894,Jacob,Moran,sjensen@example.org,(907)217-1477
895,Nicole,Erickson,bmorton@example.net,958.225.5582
896,Wendy,Snyder,theresaalvarado@example.com,758.538.7182x8173
897,Ronald,Tucker,alexander46@example.net,703.851.7199x05706
898,Emily,Boone,natashahaynes@example.org,833.985.9013
899,Brianna,Dominguez,erikasullivan@example.net,(524)245-9539
900,Christine,Williams,lellis@example.com,533.418.8879x6635
901,Brian,Stevens,campbellchristian@example.org,(760)612-5721x5480
902,James,Harris,hillfernando@example.com,457-974-9058x21159
903,Summer,Weiss,hilljohn@example.com,001-857-861-8773x5494
904,Michael,Davis,daniel21@example.net,(288)570-3758
905,Evan,Levine,meyerjonathan@example.net,(869)220-9928x2503
906,Alexa,Roberts,gabriella89@example.com,932.998.1927
907,Alyssa,Bartlett,dominicreyes@example.com,865-806-4738x018
908,Lonnie,Craig,zdoyle@example.net,597-431-4222x42841
909,Tonya,Terry,kristinagriffith@example.com,450-817-2574
910,Brenda,King,trevor70@example.org,+1-490-671-7014x8407
911,Karen,Henderson,elizabeththomas@example.com,594-679-8096x21633
912,Stacy,Williams,sanderson@example.org,(903)530-3930x16476
913,Jonathan,Hill,rodriguezangela@example.com,001-677-279-7316x99009
914,Joshua,Armstrong,mannjohn@example.org,591-340-2058x27583
915,Ricardo,Morris,hwarner@example.com,001-402-356-6533x236
916,Alexa,Griffin,andersondavid@example.org,935-303-4229
917,Damon,Tate,sampsonbetty@example.com,001-503-442-8012x43913
918,Lauren,Rivera,cathycollins@example.org,2304667500
919,Samantha,Villa,znielsen@example.org,556.285.1481x34598
920,Craig,Gibbs,matthewpatterson@example.com,001-389-428-6799x7420
921,Michael,Villa,xmartin@example.net,648.304.4131
922,Erin,Russell,barnetthaley@example.org,(675)829-6525
923,Carmen,Myers,qtaylor@example.com,001-505-669-3782x91343
924,Jared,Jones,kwatson@example.com,396-276-5682x898
925,Sean,Williams,maria55@example.org,419.661.5273
926,James,Bennett,dbrown@example.net,001-878-207-1168x30266
927,Donna,Hines,darlenegarcia@example.org,5477143101
928,John,Green,matthewadams@example.net,668-630-2002
929,Alicia,Sullivan,hendricksdiana@example.net,001-856-350-0336
930,Angela,Dominguez,raymond34@example.com,(703)512-1722
931,Mindy,Davies,thomasjeffrey@example.com,(288)700-1152
932,Patrick,Escobar,cbutler@example.org,652-409-2099x35971
933,Timothy,Ball,floresbrendan@example.net,964.737.6895
934,Vanessa,Fleming,daviesjohn@example.org,6054740775
935,Robert,Rivera,qpatterson@example.com,628-694-9092
936,Jessica,Arnold,wheelercolleen@example.com,603-940-0146
937,Nicole,Jackson,gabriela52@example.com,282.792.4290
938,Jerry,Simpson,adamscourtney@example.org,433-433-2131
939,Beverly,Boone,ojones@example.org,857.531.7516x55659
940,Caitlin,Ruiz,lopezsuzanne@example.com,812-458-7667
941,Cheryl,Martin,vincentraymond@example.net,(521)503-6315
942,Adam,Ponce,hannahtucker@example.com,001-629-312-7303x547
943,Samantha,Johnson,frank00@example.net,(940)686-7163
944,Kara,Foley,cartervicki@example.com,(892)660-4031x24494
945,Ashley,Hernandez,kschultz@example.net,001-293-864-3630x540
946,Nichole,Vasquez,keydenise@example.org,4505609231
947,Richard,Long,scottvalerie@example.org,001-630-785-3455x1696
948,Madison,Williams,michaelhughes@example.net,690.224.9025x5784
949,Ronnie,Nichols,thompsonsarah@example.net,(823)464-9826
950,Jeffrey,Mckee,henryshane@example.org,652-952-8571
951,Robert,Hill,karen39@example.org,(756)708-0158x3332
952,John,Manning,collierjuan@example.net,968.569.6976x973
953,Edwin,Palmer,bclements@example.net,298-965-7835x57975
954,Eric,Hawkins,erichard@example.com,001-883-977-8094x6877
955,Alex,Osborne,wallkevin@example.net,(663)782-0443x79739
956,Megan,Rivera,egilbert@example.com,488-888-3356x40444
957,Karen,Martin,christopher43@example.net,(489)581-5268x94700
958,Douglas,Jimenez,whitechristopher@example.com,881.944.8321x13009
959,John,Adams,villarobert@example.net,001-929-844-3039
960,John,Bond,daniel12@example.org,(975)934-0758x96484
961,Christopher,Taylor,thomasmadison@example.net,517-482-0089
962,Cindy,Newman,troy52@example.com,001-234-946-8454x8202
963,Rebecca,Russell,april26@example.com,(762)288-8163
964,Randy,Parrish,pcarney@example.org,292.395.0328x57325
965,Howard,Kramer,michaellucero@example.org,(855)958-4495x489
966,James,Cole,gina57@example.net,001-228-757-5566
967,Denise,Brown,brittanymcdonald@example.org,868.463.7708x8629
968,Michelle,Weber,karina42@example.org,737-375-7312
969,Richard,Lynch,karen50@example.org,(883)543-2146x4715
970,Madeline,Kaufman,ireed@example.org,574.535.0846x5407
971,Daniel,Mcdonald,rodriguezanne@example.org,(221)489-6722
972,Nathan,Meyers,jermaine39@example.org,858-453-2762x70200
973,Wendy,Cortez,howard77@example.com,001-598-796-7980x99397
974,Nathaniel,Heath,nthomas@example.net,+1-700-826-6818x8679
975,Robert,Jones,davidguerra@example.org,(745)695-1727x4423
976,Eric,Warner,thomas99@example.net,246.495.4351
977,Mitchell,Harris,jenniferwilson@example.com,+1-662-968-9467x07872
978,Patrick,Fuller,jthomas@example.com,4526876809
979,Carl,Moore,ywagner@example.com,(258)264-2673x03062
980,Zachary,Snyder,smithbrandon@example.org,(388)803-4659x950
981,James,Bartlett,kimberlyjohnson@example.com,+1-655-891-2055x0935
982,Tara,Reed,debra41@example.net,9715114311
983,Monique,Glenn,andreaweaver@example.org,699.454.1826x746
984,Melanie,Armstrong,alangonzalez@example.org,(846)384-2875x581
985,Kristina,Williams,christie79@example.com,001-343-434-7737x4949
986,Matthew,Evans,diazkevin@example.com,8405803520
987,Amanda,Morris,urios@example.net,994-420-9780x7874
988,Michelle,Moreno,adawson@example.org,244-878-0079x6438
989,Charles,Bryan,cunninghambridget@example.com,944.881.5550x21315
990,Janet,Whitney,shawcindy@example.com,413.908.7847x314
991,Brooke,Holloway,lrobinson@example.net,+1-370-806-1854
992,Erica,Huffman,craig66@example.com,(635)676-0503x5284
993,Nancy,Mitchell,michael88@example.net,001-767-903-1983x9123
994,Diane,Lee,richard65@example.org,(434)932-2995
995,Chase,Collier,teresaedwards@example.net,+1-525-898-6373x15941
996,Sara,Yang,james12@example.com,963.383.2603
997,Charles,Landry,johnmiller@example.net,+1-458-902-9977x5338
998,Elizabeth,Rice,michael94@example.org,001-571-939-6991x155
999,James,Pierce,baileyedwin@example.net,001-318-361-3730x243
1000,Kristopher,Fox,edwardswanda@example.com,7203137016
